,female_effect_size,female_p_value,clust_ag,cluster_hdb,x,y,count
sõerdile,-1.0212681293487549,0.9986117636701392,16,5,-1.574705719947815,1.658164620399475,30
peangi,-1.0182708501815796,0.9984005813201,1,1,2.7600176334381104,2.9164702892303467,20
jaanus,-1.0041301250457764,0.9982630934540508,0,10,-0.673930287361145,2.131978750228882,1477
krimm,-0.9898381233215332,0.9979317927910472,1,12,0.5517654418945312,0.27949148416519165,52
okupeerinud,-0.9551177620887756,0.9971771977219857,1,23,1.7563453912734985,1.4451262950897217,52
välisministrile,-0.947992205619812,0.9969855732028972,3,-1,0.06760729849338531,1.5092426538467407,85
hansson,-0.9311992526054382,0.9967502510012008,3,13,-0.3845003843307495,1.4420095682144165,92
õnne,-0.925719916820526,0.9964286348363416,7,24,2.074903964996338,-0.051207177340984344,439
viimse,-0.916475772857666,0.9964133058670992,1,23,2.022611618041992,1.1565093994140625,40
andrus,-0.9061837196350098,0.9960957166474302,9,10,-0.9290406703948975,2.2921509742736816,1215
erki,-0.9046477675437928,0.9960519134320992,9,10,-0.4092261493206024,2.4333674907684326,919
uhkusega,-0.898439347743988,0.9959357499660372,1,23,2.1497843265533447,-0.5576037168502808,81
meri,-0.8921148180961609,0.9953253993390369,14,0,-1.2880901098251343,0.9768142700195312,469
lähiajalugu,-0.8915498852729797,0.9951757601715144,1,23,2.05289626121521,0.36751624941825867,28
ennegi,-0.881435215473175,0.99489495390319,3,11,1.005345106124878,1.2081708908081055,146
vankri,-0.8797186613082886,0.9951616098930424,1,1,2.420422315597534,3.167706251144409,30
uhkust,-0.8737557530403137,0.9941595576893636,2,23,2.130594253540039,-0.25750789046287537,113
vilja,-0.8718975186347961,0.9947963238805998,9,10,-0.49875861406326294,2.576873779296875,527
toonases,-0.8657182455062866,0.9948353339191914,1,12,1.1396453380584717,0.4950895309448242,27
manipuleerida,-0.8597765564918518,0.9941826440214,1,20,2.7477641105651855,1.3564050197601318,68
puhuda,-0.8540111184120178,0.9934978218008884,1,20,2.622495412826538,1.3976072072982788,29
jutupunkte,-0.8516029119491577,0.9937448112036594,1,4,3.348304510116577,0.7820056676864624,29
kindlusega,-0.8514081835746765,0.9938115239160188,1,24,2.553518056869507,-0.7943287491798401,52
agenda,-0.848625123500824,0.9936218760823464,1,23,1.3845266103744507,-0.2530224621295929,63
õnnestumine,-0.8480739593505859,0.9927839640158912,1,23,1.223501205444336,-0.9361114501953125,22
palge,-0.8453561067581177,0.993029305653676,1,-1,2.360992193222046,3.137167453765869,29
siim,-0.8374921679496765,0.9927581815157056,0,10,-0.7358847260475159,2.279481887817383,1395
väljakul,-0.8342404365539551,0.9929944661723004,1,23,0.8597869873046875,0.7636542320251465,61
pretsedenditult,-0.8306590914726257,0.9925740775440076,1,-1,1.945366382598877,-1.358368992805481,39
autoritega,-0.8302645087242126,0.9922304779207968,1,10,2.7858211994171143,0.1973467469215393,21
usutavalt,-0.8224989175796509,0.9922471887128208,1,-1,1.4286494255065918,1.2195771932601929,22
oskuslikult,-0.8206470012664795,0.9913691506687268,1,19,2.8495075702667236,1.1014001369476318,38
varemgi,-0.8193919658660889,0.9922665973101727,3,11,1.1585252285003662,1.1817495822906494,215
hardi,-0.8116308450698853,0.991492970942942,6,10,-0.4622116982936859,2.577108144760132,170
demagoogiat,-0.8075940608978271,0.9914154517774412,1,19,2.391292095184326,0.6965345740318298,32
kannan,-0.8030032515525818,0.9906413097100892,1,1,2.452373504638672,3.166714906692505,117
terras,-0.802306056022644,0.9898773883861548,16,13,-0.5348720550537109,1.5745651721954346,31
valeväiteid,-0.8022381663322449,0.990457971272128,1,4,3.370094060897827,0.5035610198974609,33
riho,-0.8018201589584351,0.9910231336621058,9,10,-0.48002538084983826,2.2993438243865967,398
sinagi,-0.8014867901802063,0.9898632314191717,1,10,0.8717190027236938,1.454480767250061,26
opositsioonis,-0.8005304932594299,0.9908931396334748,2,15,1.3215876817703247,0.6526330709457397,568
maalida,-0.7958402037620544,0.9899684313550212,1,20,2.6616263389587402,1.2189668416976929,39
möödaminnes,-0.795697033405304,0.9898275344358451,1,11,1.1491584777832031,1.2001078128814697,57
ardo,-0.7945898175239563,0.9898788076286869,3,13,-0.3720967769622803,1.4238654375076294,117
kosta,-0.7932823896408081,0.9896002689309192,1,-1,1.7221707105636597,1.7941405773162842,52
raivo,-0.792241632938385,0.9894139975693172,0,10,-0.7175735235214233,2.4272947311401367,1261
vasturepliigi,-0.7918522953987122,0.9912927095006512,1,6,-0.07049412280321121,1.6190756559371948,46
ironiseerida,-0.7914095520973206,0.989271984374442,1,-1,1.9225423336029053,0.1956080198287964,20
mainekahju,-0.7904199957847595,0.9886752881609784,1,23,1.6367861032485962,-0.7880274653434753,71
kiites,-0.790156900882721,0.9897099513716976,1,17,2.1652884483337402,2.142577886581421,31
televiisorist,-0.7890675663948059,0.9888973125848066,1,19,2.0008578300476074,0.8228623867034912,38
senikaua,-0.7883517742156982,0.9879426294526316,1,-1,1.1426681280136108,2.3455536365509033,158
edu,-0.7841192483901978,0.9891977515670995,4,-1,1.9145634174346924,-0.28733140230178833,902
jätkates,-0.7797467112541199,0.9886315714444646,1,5,2.7221102714538574,2.7284646034240723,107
rahvaesindaja,-0.7796528339385986,0.9887778830414108,6,10,-0.40738150477409363,2.0576183795928955,65
parlamentaarse,-0.7753419280052185,0.9878605912967692,4,23,0.663351833820343,-0.21468403935432434,576
liigagi,-0.7729284763336182,0.9877172372673172,1,14,2.1622021198272705,-1.8764405250549316,52
vastasseisu,-0.7647184133529663,0.9865237294584214,1,23,2.046844959259033,-0.020147182047367096,73
liitlassuhteid,-0.7639464735984802,0.9858083411036966,1,23,2.5258498191833496,0.4303739070892334,50
volmer,-0.7632949352264404,0.987117674139152,6,10,-0.5161994695663452,2.609750509262085,127
ekre-ga,-0.7607003450393677,0.9858880449109954,1,15,2.9061357975006104,-0.031206466257572174,37
ennist,-0.7601997256278992,0.987266547043396,3,11,1.032056450843811,1.3042398691177368,255
kiidaks,-0.7597456574440002,0.9866173953286338,1,17,2.2052054405212402,2.0873916149139404,22
8.,-0.759661853313446,0.9865713675350656,19,22,1.0680475234985352,2.435028076171875,1237
suveräänsus,-0.7591152787208557,0.9861378935655098,4,23,0.9475867748260498,-0.3444809317588806,102
asutamiskoosolek,-0.7553284764289856,0.9850166257667554,6,10,-0.35665738582611084,2.6623446941375732,80
brüsselile,-0.7534118294715881,0.9850485648041416,1,-1,1.6263322830200195,0.20701631903648376,30
vähim,-0.7504530549049377,0.985573919795123,1,23,1.075979471206665,-0.14055819809436798,47
teerulli,-0.7492837905883789,0.9854194593103512,1,-1,2.1119956970214844,0.36019766330718994,69
kaotusi,-0.7474316954612732,0.9847083686653488,1,4,3.511671304702759,0.747377872467041,31
edasimineku,-0.7465944290161133,0.9850413602083916,1,23,2.2137651443481445,-0.6547276377677917,33
patriotism,-0.7458329200744629,0.9856476477341412,1,23,1.0547065734863281,-0.22931765019893646,20
mäletate,-0.7451550960540771,0.9847974262445416,3,2,1.6709532737731934,2.4855868816375732,707
kiita,-0.7443123459815979,0.985923833034245,10,17,2.4051733016967773,1.8995689153671265,710
valimisplatvormis,-0.7433239817619324,0.985144156344382,1,15,1.2603155374526978,0.6185663342475891,20
omavalitsusreform,-0.7428017854690552,0.9853294502880966,1,23,1.0761996507644653,-0.6869843602180481,40
protseduurireegleid,-0.7427871227264404,0.9855030227737028,1,4,3.5895018577575684,0.7449696660041809,47
viidik,-0.7427394986152649,0.9848201636587132,16,5,-1.622165560722351,1.722333550453186,32
umbusaldust,-0.7427284717559814,0.98432311848868,5,-1,2.104825735092163,0.12463965266942978,109
ettekannetes,-0.7409611940383911,0.9852433711365296,3,11,1.0974534749984741,1.0818487405776978,63
valgeks,-0.7403228282928467,0.9851241676053112,1,-1,2.454806089401245,0.8237751722335815,29
sirgu,-0.7392916083335876,0.9853364202793832,1,-1,2.3095030784606934,0.638528048992157,30
vaimult,-0.7392242550849915,0.9839738325661864,1,24,1.7860521078109741,-1.250224232673645,28
nõrkust,-0.7388110756874084,0.9847967046679044,1,23,2.1204299926757812,0.32210132479667664,30
uhkus,-0.7383178472518921,0.983876897208934,1,23,1.0953391790390015,-0.4418891370296478,36
kristina,-0.7334175109863281,0.9834406347615468,9,10,-0.45275717973709106,2.565763235092163,284
jaak,-0.7315863370895386,0.9827245032601526,0,10,-0.7302377820014954,2.2421681880950928,3068
majandamise,-0.7304120063781738,0.9838723721409032,1,23,2.242588520050049,-0.5088587403297424,515
iseseisvus,-0.7284257411956787,0.9831417215443,4,23,0.947155237197876,-0.648797869682312,158
kokale,-0.7280442714691162,0.9822947602980252,16,5,-1.5917994976043701,1.6629341840744019,26
edulugu,-0.727108895778656,0.983160195773678,4,23,1.2835667133331299,-0.7623711824417114,119
ühtaegu,-0.7269079089164734,0.9837402936206932,1,23,0.8552103042602539,0.340323269367218,41
ärihuvid,-0.726567804813385,0.98222062589069,1,23,1.0634009838104248,-0.12935833632946014,27
määrida,-0.7257497906684875,0.9836171476860022,1,20,2.784580945968628,1.3172721862792969,37
latt,-0.7249686121940613,0.983090818013262,1,23,1.5036659240722656,-0.4101333022117615,51
taastanud,-0.7245287299156189,0.9828515978098312,4,23,0.6579832434654236,-0.4945310056209564,63
otsesõnu,-0.7236206531524658,0.9823621383405312,16,11,0.7541665434837341,1.2192200422286987,88
lennart,-0.7229634523391724,0.9815997948845918,3,12,-0.1481112241744995,1.009371280670166,154
veendumusega,-0.721815824508667,0.981731867725462,1,24,2.4985575675964355,-0.761495053768158,26
ohjad,-0.7218116521835327,0.9829300063885732,1,-1,2.0254430770874023,0.3150263726711273,20
presidendina,-0.7190003991127014,0.9826993369786532,1,-1,0.6150935888290405,0.9413097500801086,47
seistes,-0.7182058691978455,0.9814507492146468,1,24,2.1521384716033936,2.525996208190918,87
taasiseseisvumise,-0.7182019352912903,0.9817059438762052,4,23,0.5599586963653564,-0.5933029651641846,53
pildilt,-0.7173993587493896,0.9792225828951274,1,-1,1.5887287855148315,0.978251039981842,20
ettekandega,-0.716385543346405,0.9808097644961083,5,22,1.1524341106414795,1.7259811162948608,188
huumoriga,-0.713736891746521,0.980539686864696,1,-1,1.1540491580963135,1.428084135055542,25
ossinovskil,-0.7129382491111755,0.9831177750605044,16,6,-1.0189086198806763,1.4965773820877075,48
ridades,-0.7117776274681091,0.981126738165636,1,15,1.2121219635009766,0.6591340899467468,46
avalikkusega,-0.7114382386207581,0.9811868537277552,1,-1,3.0150487422943115,0.11514095216989517,62
stenogramm,-0.7103928327560425,0.9801270158948676,16,22,0.8612316250801086,1.7070705890655518,78
neljapäevast,-0.7090526223182678,0.9802714084426244,5,22,0.8336620926856995,2.160410165786743,253
võrklaev,-0.7088603973388672,0.9794632160983544,14,0,-1.3821638822555542,1.035856008529663,319
võrdlemisi,-0.7088342308998108,0.981065214107775,13,14,2.126110315322876,-1.8333557844161987,397
spiikri,-0.7077815532684326,0.9804129134390168,16,-1,0.4401942491531372,1.6310652494430542,24
keskpaigani,-0.7073522806167603,0.979933399262668,1,22,1.097292184829712,2.4523627758026123,23
kaja,-0.705439031124115,0.980961833647442,0,10,-0.7844460010528564,2.231221914291382,1519
rahval,-0.7054262757301331,0.98038070471332,4,23,1.0205942392349243,0.027144428342580795,227
tugevus,-0.7031777501106262,0.9809554561254732,4,23,0.9788490533828735,-0.5383702516555786,114
tegemistest,-0.7028027772903442,0.9794925478439104,1,-1,4.332075595855713,2.7219290733337402,43
julgetud,-0.7025240063667297,0.9806542962556116,1,3,2.7068941593170166,2.312464714050293,26
reformikava,-0.7006786465644836,0.9802423843222692,1,-1,2.0660057067871094,0.22579343616962433,59
elevus,-0.7003534436225891,0.9797128787844732,16,8,1.6576941013336182,1.13498854637146,47
tunnustada,-0.6992874145507812,0.9796334702647468,10,17,2.3520925045013428,1.8973180055618286,591
valitsusvastutust,-0.6991679668426514,0.9776542690633496,1,15,1.6013069152832031,0.82024747133255,33
kõnetoolis,-0.6990251541137695,0.9805764037416652,8,-1,0.9094415903091431,1.6376826763153076,264
pööraselt,-0.6978492736816406,0.9786485332005808,1,-1,1.8595976829528809,-1.2511261701583862,27
mõtlemises,-0.6954402923583984,0.9792710733447356,1,23,1.2625830173492432,0.2388043850660324,27
koka,-0.6952396035194397,0.978086909296826,11,5,-1.5960001945495605,1.7431477308273315,247
sten,-0.6932830810546875,0.9781614081636272,6,13,-0.4732504189014435,1.7437920570373535,46
üleliia,-0.6921176314353943,0.9779119925813085,1,14,2.1028876304626465,-1.7877870798110962,67
meelsust,-0.6913030743598938,0.9771410251261946,2,-1,2.346064805984497,0.2695549428462982,90
vastuargumente,-0.6908194422721863,0.9770142590470872,17,4,3.606776475906372,0.7403380870819092,107
punaseid,-0.6904537677764893,0.9782088822413856,1,4,3.333829402923584,0.7590324282646179,32
kalev,-0.6889783143997192,0.9775182914353094,0,10,-0.7530868053436279,2.373523235321045,1319
laarile,-0.6887985467910767,0.9768516239781284,16,0,-1.3630757331848145,0.9659349918365479,20
kandsin,-0.6881867051124573,0.9756247483862388,1,1,2.491975784301758,3.1671574115753174,41
laar,-0.6878340244293213,0.9770680728322592,14,0,-1.3678008317947388,0.9714093208312988,246
randver,-0.6874086856842041,0.978362259834148,6,7,-1.5012431144714355,2.206505060195923,198
austada,-0.6872451305389404,0.9764189039744868,1,-1,2.531601667404175,1.7733476161956787,120
meeleavaldustel,-0.6871628761291504,0.9774326271695438,1,11,0.9447287321090698,0.9393826723098755,25
hämmastavalt,-0.6870948672294617,0.9753267982038272,1,14,2.160430431365967,-1.841398000717163,25
skepsist,-0.6870288252830505,0.9770036679905344,1,23,2.0959291458129883,-0.04358305409550667,21
eesistujana,-0.6862050890922546,0.9770304720872336,1,23,0.8497455716133118,-0.3494698703289032,67
suuga,-0.6852827072143555,0.978009756839414,1,24,2.49141788482666,-0.7296048402786255,41
hävitanud,-0.684026300907135,0.9762239918788336,1,23,1.8484830856323242,1.3971843719482422,29
merest,-0.6831567287445068,0.976282585225585,1,-1,2.6537036895751953,0.9016193747520447,36
rask,-0.6823983192443848,0.9766200057058074,6,13,-0.4205654263496399,1.531456708908081,51
tahetagi,-0.6821516156196594,0.9765315012383932,1,3,2.7038960456848145,2.4190826416015625,21
huviga,-0.6818071603775024,0.9779504727373136,5,24,2.575878143310547,-0.8173656463623047,315
sõerdi,-0.681797444820404,0.9767756813471692,11,5,-1.5765531063079834,1.66505765914917,228
lohutuseks,-0.6811874508857727,0.9762890436677164,1,-1,2.2063891887664795,1.1117085218429565,41
tüki,-0.680888831615448,0.9766168706114904,1,16,2.483863115310669,-0.6971580982208252,97
ideid,-0.6793528199195862,0.9754335549314294,17,4,3.504411220550537,0.6877874135971069,492
eelkäijate,-0.6787473559379578,0.9758357910056876,1,23,1.5908302068710327,0.5159112215042114,35
seisad,-0.6787066459655762,0.9756232750507704,1,-1,1.9788073301315308,2.665982961654663,33
keskpangal,-0.6780916452407837,0.9772527641975972,1,23,2.684112548828125,0.1930919736623764,30
templit,-0.6769924759864807,0.9763427732735328,1,-1,2.2267708778381348,0.3352479338645935,23
aseesimehe,-0.6769378781318665,0.9772442164549836,8,21,0.5126307010650635,1.7621692419052124,439
käsilased,-0.6769269704818726,0.9754817879128442,1,23,0.8441630005836487,0.07966748625040054,20
tõendamiskoormus,-0.6763331890106201,0.9766410596275372,1,23,1.5287035703659058,-1.0045264959335327,20
valges,-0.6760286092758179,0.975468295359556,16,8,1.608880639076233,1.0985225439071655,61
kaasettekandja,-0.6754694581031799,0.9758543516371831,5,-1,0.27891817688941956,1.7979556322097778,129
kuupäevani,-0.6749662756919861,0.9760526225313072,1,22,1.0171860456466675,2.3805391788482666,20
poleemika,-0.6745398640632629,0.9736982166173336,1,23,1.72374427318573,-0.9015272259712219,57
jüssi,-0.674264132976532,0.9744687386155222,14,0,-1.3558839559555054,0.9347978234291077,108
esimehe,-0.6730695366859436,0.974057262672441,8,21,0.44338858127593994,1.6896907091140747,2631
kõnetoolist,-0.6728665828704834,0.973831049847694,8,-1,0.7154606580734253,1.3998178243637085,221
jõude,-0.6717590689659119,0.9761904801994492,17,4,3.398742437362671,0.6755443215370178,101
avalikult,-0.6713273525238037,0.9744800821626188,3,11,0.8800023198127747,1.2461642026901245,913
otsevalimised,-0.6708785891532898,0.9747154666340132,1,12,0.24814900755882263,0.6234834790229797,20
toetajatele,-0.6707249283790588,0.9752549228961896,1,23,1.544978380203247,0.6372295618057251,23
vastutustunne,-0.6694413423538208,0.9742103453115551,1,23,1.4020133018493652,-0.7583867907524109,39
kaastunnet,-0.6688796877861023,0.9735301606055402,1,24,2.009658098220825,0.05598420277237892,31
raidla,-0.6684907674789429,0.9746564393479004,6,7,-1.5129733085632324,2.276888132095337,120
selgesõnaliselt,-0.6678382754325867,0.9726413294794548,1,11,1.0207501649856567,1.2379002571105957,37
kannimäe,-0.6674562692642212,0.9740129330345106,6,10,-0.48528212308883667,2.6592910289764404,46
vaatepunktist,-0.6672804355621338,0.97473658112343,1,23,4.391010761260986,2.7585957050323486,72
ülbus,-0.6669813394546509,0.974405065640127,1,23,1.4097285270690918,-0.1363047957420349,24
keskpaigast,-0.6650744080543518,0.975777167282215,1,22,1.092831015586853,2.4348909854888916,42
kõneldes,-0.664189875125885,0.9736860957803092,1,9,4.353353023529053,2.747774124145508,67
koosolekutel,-0.6639386415481567,0.9727382133689844,3,-1,0.8686019778251648,1.318846583366394,175
saaliski,-0.6638968586921692,0.9734186498634316,3,11,1.2151793241500854,1.1860134601593018,91
rõõm,-0.6635950803756714,0.9728298141455024,7,24,1.6679234504699707,-0.7308380603790283,549
aseesimehele,-0.663516104221344,0.9742672652007124,16,21,0.49079152941703796,1.6582227945327759,29
positsioone,-0.6635040044784546,0.9730255011139338,17,4,3.138974189758301,0.536927342414856,200
naljaga,-0.6627699732780457,0.9727432915753094,1,13,1.0832383632659912,1.3888828754425049,33
kalkulatsioon,-0.6623998880386353,0.9742731961840646,1,23,1.4613159894943237,-0.2877936065196991,33
näoga,-0.6623778939247131,0.9741928774635428,2,-1,2.395780563354492,0.2687476873397827,172
dmitri,-0.6621089577674866,0.9723773497710844,9,10,-0.5755650401115417,2.616929769515991,353
liialdus,-0.6620895862579346,0.9722169880241244,1,-1,1.514190435409546,-0.5262661576271057,58
konkurentsieelis,-0.6618738770484924,0.9717542026652344,1,23,1.3405792713165283,-0.9056299328804016,60
ideoloogiaga,-0.6611830592155457,0.9712218323079944,1,-1,2.9276466369628906,-0.2872067093849182,27
heida,-0.6603015661239624,0.9734430925747736,1,1,2.478104829788208,3.12501859664917,39
heameel,-0.6600983738899231,0.9729581192141415,1,-1,1.6624302864074707,-0.9360191822052002,40
esinesin,-0.6598437428474426,0.9733348716355597,1,1,2.6266396045684814,2.943700075149536,21
assamblees,-0.659402072429657,0.9726917463782232,4,12,0.38051655888557434,0.41294458508491516,93
sõnakasutuses,-0.6593665480613708,0.9722950032693756,1,-1,1.558835506439209,0.6123867034912109,20
silme,-0.6588824987411499,0.9712087124163782,1,-1,2.382350444793701,3.0413949489593506,210
umbusalduse,-0.6587145328521729,0.9722199785293693,5,-1,1.053209900856018,1.743155598640442,224
televisioonis,-0.6573523879051208,0.9723201535037024,3,-1,0.8422539830207825,0.8571020364761353,146
meenutagem,-0.6571457386016846,0.97332088963002,1,12,0.27900224924087524,0.7972608804702759,77
ratasele,-0.6566727161407471,0.9721315885813636,6,7,-1.6160752773284912,2.3737235069274902,200
silmapaistvalt,-0.6552379727363586,0.971374101680299,1,-1,2.13291335105896,-1.8173028230667114,32
tarkust,-0.6552274227142334,0.9715512911340978,2,-1,1.9724029302597046,0.054143115878105164,179
koondaruanne,-0.6549733281135559,0.9705927322407504,1,22,3.0210328102111816,0.024512160569429398,71
kuulamas,-0.6548883318901062,0.9741661486782534,1,-1,1.6088229417800903,1.783663034439087,28
kokkukutsuja,-0.6547440886497498,0.971083030656618,9,10,-0.3105759620666504,2.687103509902954,151
välispoliitiliselt,-0.6545581221580505,0.9727827593122762,1,23,1.0736522674560547,0.19579534232616425,32
välisministrilt,-0.6539040803909302,0.9715056865060088,1,-1,0.01770717278122902,1.4907586574554443,29
märkasite,-0.6537213325500488,0.9710663950594874,1,2,1.6293855905532837,2.446136713027954,23
yoko,-0.6536535024642944,0.9719343197829496,9,10,-0.42360180616378784,2.457573413848877,415
tunnistajaks,-0.6532442569732666,0.9712142932885288,1,23,1.25383460521698,-0.4751524329185486,71
spetsialistina,-0.6519033312797546,0.971340039211762,1,13,1.251822829246521,2.1749987602233887,23
töönädala,-0.6515366435050964,0.9697632383947978,12,22,0.8502492904663086,2.1190578937530518,1314
garant,-0.651208221912384,0.9725192158430253,4,23,0.8237640857696533,-0.5911130905151367,47
taasiseseisvunud,-0.6509076356887817,0.9712038676155276,4,23,0.5249609351158142,-0.5081610679626465,130
helir,-0.6506675481796265,0.9698972366619752,16,10,-0.2933764159679413,2.2097537517547607,45
tammaru,-0.6506562232971191,0.9723253799947548,1,-1,-0.5261389017105103,1.4198716878890991,21
katsuda,-0.6505157351493835,0.9678381150599252,1,20,2.6820228099823,1.3538645505905151,60
tunnustuseks,-0.6504217386245728,0.9730474854085762,1,-1,1.9342339038848877,1.2057503461837769,23
paksu,-0.6498091816902161,0.9702961839228604,1,-1,3.010092258453369,0.9058886170387268,78
julgeks,-0.6497822403907776,0.9715547835324996,2,3,2.665633201599121,2.4804630279541016,110
konkurente,-0.6497384905815125,0.9706574147907528,1,4,3.2791664600372314,0.595866322517395,27
näpuga,-0.6490407586097717,0.9716478910013112,2,19,2.2094154357910156,0.5875687599182129,319
keskerakonnal,-0.6483689546585083,0.9714856142747658,1,-1,0.5648755431175232,1.3441014289855957,137
kasuteguriga,-0.6483627557754517,0.97008311499742,1,16,2.7000997066497803,-0.7194063067436218,20
sõnagi,-0.6482484936714172,0.972043476980242,16,-1,2.6838324069976807,1.9705194234848022,131
põhiseadusvastased,-0.6482313275337219,0.9715143973969244,1,10,7.9049458503723145,8.069889068603516,24
juhina,-0.6481242775917053,0.9699998920580976,8,18,0.9032348990440369,1.67201566696167,197
mulli,-0.6478487253189087,0.9702012186687624,1,23,1.1390933990478516,0.11107282340526581,23
suunanäitaja,-0.6477363705635071,0.9707012343724438,1,23,1.399559497833252,0.29882434010505676,20
tähega,-0.6474530100822449,0.9707514890054396,1,-1,2.5275819301605225,-0.7626891732215881,20
ilusat,-0.6473907232284546,0.9707212875911282,7,-1,1.9494870901107788,1.5065441131591797,332
kessler,-0.6469050645828247,0.9703599621127604,16,-1,-0.834437906742096,1.5133981704711914,30
üsnagi,-0.6465039849281311,0.969769091705,13,14,2.135171890258789,-1.8415734767913818,245
riigikorra,-0.6463688611984253,0.9704082484299826,4,23,0.6499140858650208,-0.45925867557525635,41
neeme,-0.6459001898765564,0.9703775443865584,0,-1,2.1051836013793945,-1.106210470199585,583
esinduskogu,-0.6456937193870544,0.9685032206437856,1,-1,1.1229993104934692,0.2722380459308624,70
esindanud,-0.6453077793121338,0.9710940510968769,1,-1,1.7170450687408447,1.5802088975906372,75
lärm,-0.6450924277305603,0.9701806039154514,7,8,1.704949975013733,1.0099356174468994,207
pakendiaktsiis,-0.6440395712852478,0.9704974823966436,1,23,1.960176706314087,-0.28225603699684143,22
hele,-0.6431103348731995,0.9709365080144206,6,10,-0.38894039392471313,2.4880876541137695,125
päevakord,-0.6430985927581787,0.9684130917466154,12,22,0.929757297039032,1.9362878799438477,783
esindades,-0.6429409980773926,0.9692792581764356,1,-1,1.6413729190826416,1.6149731874465942,29
kaljulaid,-0.6424276828765869,0.9699859461202996,9,10,-0.3166338801383972,1.3357512950897217,373
esimehele,-0.6415277719497681,0.9708776473419994,8,21,0.5024933218955994,1.6532210111618042,412
poliitilises,-0.6414519548416138,0.9679867374858384,4,23,1.1981589794158936,0.4088248610496521,350
südamega,-0.6411098837852478,0.9690643841501542,2,24,2.4487955570220947,-0.7003052234649658,213
seeme,-0.6408795118331909,0.9680822166769576,16,7,-1.2030900716781616,2.2571585178375244,123
esimehel,-0.6407649517059326,0.968860031789478,8,21,0.4456092119216919,1.629541277885437,185
võit,-0.6404845118522644,0.9692768839283454,4,23,1.480210304260254,-0.9805856347084045,291
alatu,-0.6397264003753662,0.9693721645110362,1,23,1.5636897087097168,-0.05375461280345917,46
märksõnaks,-0.6394504904747009,0.9665084277471518,1,-1,5.73917818069458,4.182861804962158,23
võlakoorem,-0.6389445066452026,0.9680562608351204,1,23,1.5533537864685059,-1.0750120878219604,45
sisepoliitikas,-0.6373608708381653,0.9679937553417766,1,23,1.2363425493240356,0.031571995466947556,23
presidendile,-0.6372435688972473,0.9683665236247696,5,-1,0.32394394278526306,1.3536471128463745,233
surva,-0.636073648929596,0.9680747366225608,16,5,-1.6042556762695312,1.7386889457702637,33
väidetest,-0.635755181312561,0.9673624674853348,1,9,4.3046345710754395,2.7135024070739746,35
demokraatlikult,-0.6350092887878418,0.9680849914431404,1,23,1.0300616025924683,0.2728572487831116,89
nutt,-0.634583055973053,0.9674214822961684,14,0,-1.3844298124313354,0.9949396848678589,425
eelarvestrateegiaga,-0.634264349937439,0.968827416551271,1,-1,2.803445339202881,-0.07913236320018768,74
isu,-0.633952260017395,0.9681471451513592,1,23,1.476288914680481,-0.6270034909248352,45
sotsiaaldemokraatlikust,-0.6338745951652527,0.968359886992826,16,10,-0.5357229709625244,2.1242427825927734,34
valijaskond,-0.6332451701164246,0.9665374227476912,1,23,1.1158713102340698,-0.3042708933353424,21
tootlusega,-0.6325594186782837,0.9698464270745342,1,16,2.843174934387207,-0.584480881690979,26
päevadel,-0.6324439644813538,0.966189557098408,3,-1,0.9947598576545715,1.239903211593628,416
ansipi,-0.6321570873260498,0.9673869061828312,9,7,-1.0865967273712158,2.202327013015747,225
nestorile,-0.632071852684021,0.9657877816927636,16,10,-1.3871768712997437,1.8628275394439697,39
jaanson,-0.6319405436515808,0.9667040990524728,6,7,-1.531620740890503,2.265225410461426,629
tööplaan,-0.6318084597587585,0.9685875338424644,1,15,1.5080769062042236,-0.20540864765644073,33
ettevalmistustöö,-0.6317607760429382,0.9683382824274184,1,23,2.112475872039795,-0.6393329501152039,31
ridadest,-0.6312759518623352,0.9662633641388234,1,15,1.405720591545105,0.7185015678405762,55
kuhjaga,-0.6310797333717346,0.9665931965640202,1,-1,3.05060076713562,1.2565845251083374,56
ebamäärasus,-0.6307979226112366,0.9659813427451844,1,23,1.4581958055496216,-1.0125151872634888,24
riigimetsa,-0.6304417848587036,0.9652512469365246,1,10,2.2716708183288574,-0.4200959801673889,450
ettekandjal,-0.6303980350494385,0.9681596133086132,5,6,0.31538519263267517,1.576837420463562,71
aplaus,-0.6303439140319824,0.9680226606412384,7,8,1.6909472942352295,1.3050284385681152,649
hüsteeria,-0.6298881769180298,0.9667213440846852,1,23,1.3524428606033325,-0.13742980360984802,40
enn,-0.6286410689353943,0.9694465854609502,0,10,-0.6690870523452759,2.477454900741577,823
populism,-0.6278759837150574,0.9666944258861104,1,23,1.369878888130188,-0.25269564986228943,50
iseseisvuse,-0.6275014281272888,0.9676039633379284,4,23,0.5804919600486755,-0.5197429656982422,483
kiituseks,-0.6272211670875549,0.9653899489410444,1,-1,2.07991886138916,1.2419428825378418,22
versioone,-0.6272095441818237,0.965581343277584,1,4,3.5737128257751465,0.7440816164016724,37
režiimiga,-0.6269614100456238,0.9670849991147672,1,23,0.7342385053634644,0.01564209535717964,27
värve,-0.6267848014831543,0.9657364352089872,1,4,3.344984531402588,0.6484687924385071,27
sotsidel,-0.6264930963516235,0.9655915813613548,1,-1,0.6402401924133301,1.3772482872009277,26
siingi,-0.6255543828010559,0.966659958589798,16,11,1.4794814586639404,1.1638556718826294,151
kuke,-0.6253947019577026,0.9646082026100672,16,0,-1.3842856884002686,0.965173065662384,25
veast,-0.6253936290740967,0.9643181515714312,1,9,4.287713050842285,2.686689853668213,22
esimehena,-0.6253344416618347,0.966061685044869,8,18,0.6028562784194946,1.792064905166626,566
patt,-0.6253304481506348,0.9658407624239136,1,23,1.4981141090393066,-0.4848636984825134,66
õõnestada,-0.62467360496521,0.9660159458547392,1,23,2.565460205078125,1.2617204189300537,33
lavrov,-0.6243910789489746,0.9654453587793662,1,12,0.06568779051303864,0.8218988180160522,20
retoorikat,-0.6237708330154419,0.9655108534075714,2,-1,2.1636757850646973,0.3794934153556824,117
väliskomisjoni,-0.6237056255340576,0.9658738230712086,18,10,-0.5469538569450378,1.8653286695480347,925
keskerakonnale,-0.623640239238739,0.9668819139100124,3,-1,0.7169492840766907,1.148380994796753,146
randveri,-0.6234667301177979,0.9655182789747044,16,7,-1.4706965684890747,2.2861859798431396,54
teisipäevast,-0.6227893829345703,0.9667547701687798,5,22,0.8854475021362305,2.065335512161255,244
kalvi,-0.6220841407775879,0.9638089764983836,0,10,-0.6953859329223633,2.2341623306274414,819
lävel,-0.6220420598983765,0.9668556840519864,1,23,1.2997795343399048,-0.5074424147605896,37
mihkelson,-0.6216933727264404,0.9659298297458913,9,10,-1.1339526176452637,1.7115930318832397,290
ideaali,-0.6212035417556763,0.9655666494810294,1,23,2.5824592113494873,0.360514760017395,23
lang,-0.6210479736328125,0.9642772462636569,9,7,-1.4483599662780762,2.2427759170532227,277
teilgi,-0.6206302642822266,0.9656985180015512,1,6,0.4741254150867462,1.4943718910217285,26
edgar,-0.6205634474754333,0.9661079028855968,9,13,-0.24765154719352722,1.7703981399536133,213
hooletult,-0.6201326251029968,0.9660659508526526,1,19,2.9603419303894043,0.9865503311157227,22
hellitavalt,-0.6199781894683838,0.9667522094234048,1,11,2.8650805950164795,0.7371134757995605,27
mundrit,-0.6193178296089172,0.9629004207596368,1,-1,1.9202115535736084,0.5206561088562012,27
heameelt,-0.6192839741706848,0.9641262325336856,2,-1,2.119063377380371,-0.2708128094673157,92
järgida,-0.6187465786933899,0.9643174684153136,2,-1,2.6256206035614014,1.6594758033752441,392
käibega,-0.6185550689697266,0.9644668518948336,1,16,2.7888312339782715,-0.6342977285385132,31
aruandega,-0.6185215711593628,0.9668236814305414,1,-1,3.0068790912628174,-0.08797560632228851,76
ääretult,-0.6185059547424316,0.9644489044766767,13,14,2.186283588409424,-1.8892656564712524,845
soove,-0.6184549927711487,0.9647476649722482,17,4,3.3266141414642334,0.6555187702178955,418
julgeolekuriski,-0.6183434128761292,0.9639333553225798,1,23,2.0102410316467285,-0.14369633793830872,40
sven,-0.6181706786155701,0.963566695685412,0,10,-0.6926291584968567,2.2484567165374756,1745
stiili,-0.617139458656311,0.9626810216979256,1,-1,2.107797861099243,0.2521684467792511,52
torm,-0.6168338060379028,0.962097022026488,6,10,-1.0736976861953735,1.6813472509384155,105
heameelega,-0.6165953278541565,0.9649277003295528,1,24,2.5601160526275635,-0.8294599652290344,105
selgroogu,-0.6165481209754944,0.962865529469184,1,23,1.7723712921142578,0.29277023673057556,37
üritada,-0.6162536144256592,0.9645801387106728,2,20,2.6489360332489014,1.4785937070846558,151
juhtimine,-0.6162198185920715,0.963039458025398,4,23,1.0404987335205078,-0.5936089754104614,491
jõud,-0.6154088377952576,0.9641099966653652,4,23,1.0965815782546997,-0.19350644946098328,644
esmaspäeviti,-0.6153087615966797,0.9630993669833924,1,22,0.9386944770812988,1.9701013565063477,27
loosungit,-0.6151848435401917,0.964450761128987,1,-1,2.132932186126709,0.39238396286964417,32
emotsioone,-0.6150362491607666,0.9620076420840012,17,4,3.2691149711608887,0.6645210385322571,192
kuuled,-0.6149595379829407,0.962513414970355,1,5,1.9059276580810547,2.741258144378662,23
analoogiat,-0.6149395704269409,0.96080868649613,1,19,2.5259952545166016,0.6122311949729919,43
üksmeele,-0.61423659324646,0.9651418078483636,1,-1,2.1516194343566895,-0.47959163784980774,48
laevastik,-0.6142143607139587,0.96283528478898,1,23,1.1760855913162231,-0.6813635230064392,31
häbiväärselt,-0.6140879392623901,0.9635764995166156,1,14,2.1317038536071777,-1.8309324979782104,26
tendentse,-0.6137034296989441,0.9636084944699804,1,4,3.5115528106689453,0.7560222148895264,50
üpriski,-0.6134872436523438,0.9624468365978032,1,14,2.1247708797454834,-1.8565478324890137,53
juhatas,-0.612910270690918,0.9638571964640968,6,-1,0.6022054553031921,2.2033491134643555,106
automaks,-0.6128445267677307,0.9641083793297924,1,23,1.759360671043396,-0.24315007030963898,74
jõudusid,-0.6127654910087585,0.962567489986577,1,4,3.384967088699341,0.6985974907875061,25
reinsalul,-0.6113306879997253,0.9633602298338256,16,6,-0.9886085391044617,1.4744188785552979,54
lubadusega,-0.6110644340515137,0.9631827835175572,1,-1,2.8484668731689453,-0.2577912211418152,40
tohutult,-0.6106067299842834,0.964479850736462,13,14,2.1989126205444336,-1.8703856468200684,464
põhiväärtusi,-0.6105212569236755,0.9606618412898004,1,-1,3.061169385910034,0.5632984042167664,23
läbimurre,-0.6101742386817932,0.9597440894155472,1,23,1.5166324377059937,-1.0318349599838257,35
halastamatult,-0.6099462509155273,0.9612882765712242,1,23,1.4957377910614014,0.11621078103780746,24
sumin,-0.6091647148132324,0.96031023780123,7,8,1.6855837106704712,1.0994309186935425,202
laaneots,-0.6087204813957214,0.9624742967511306,9,10,-0.5201674699783325,2.3156614303588867,214
mantrat,-0.6084548830986023,0.9630053194676576,1,11,1.3752474784851074,1.144601821899414,20
seinast,-0.6080424189567566,0.9618462814111904,1,-1,3.0716238021850586,0.8490149974822998,91
kokk,-0.6080268025398254,0.9621503888484516,11,5,-1.4985874891281128,1.7459070682525635,1396
üpris,-0.6080144643783569,0.9593725459380744,13,14,2.1631784439086914,-1.868262767791748,280
helmel,-0.6078402996063232,0.9628817316400384,14,0,-1.3238705396652222,0.9810509085655212,67
ratast,-0.6078369617462158,0.9636520782418608,16,7,-1.5415955781936646,2.320246458053589,49
mõõtmatult,-0.6070994138717651,0.961495598751539,1,24,1.5676997900009155,-1.000400185585022,22
keerata,-0.6069101691246033,0.962283904887062,2,20,2.684842824935913,1.388526439666748,199
kunnas,-0.606728732585907,0.9622106682922226,9,10,-0.5556235313415527,2.0789060592651367,264
juhtivkomisjon,-0.6067139506340027,0.960666512969479,15,10,0.03231415897607803,2.529447555541992,5044
oskaksite,-0.6066148281097412,0.9606493238276154,1,2,1.6615581512451172,2.4279725551605225,21
erkki,-0.6059138178825378,0.9627479295862692,9,10,-0.4658839702606201,2.5033023357391357,158
pannes,-0.6058794260025024,0.962050454089654,2,20,2.8647139072418213,1.4238382577896118,191
rahanduspoliitikat,-0.6058080196380615,0.9612057327494096,1,23,2.419386148452759,0.1975536346435547,38
väljaütlemistes,-0.6055347919464111,0.9636882150964908,1,-1,1.4188278913497925,0.7499763369560242,35
plaksutada,-0.6046334505081177,0.9630474710219268,1,-1,2.522433042526245,1.2579351663589478,24
tahtega,-0.604098916053772,0.961505267972982,1,-1,2.7194483280181885,-0.10224058479070663,79
soovite,-0.6040495038032532,0.9618142133347286,2,2,1.6358327865600586,2.395022392272949,1116
päevakorra,-0.6039094924926758,0.959129946151123,12,22,0.9541123509407043,1.9788304567337036,2469
tarkus,-0.6038928031921387,0.960774140387748,4,23,1.508862853050232,-0.3525139391422272,170
koondaruandes,-0.603781521320343,0.95931154492845,1,22,3.040090799331665,0.08389796316623688,21
genotsiidiks,-0.6036539077758789,0.9633571981188456,1,-1,0.5728076696395874,0.28294411301612854,22
põrsast,-0.6034791469573975,0.9568844252301384,1,-1,2.34834885597229,0.7495971322059631,22
jamps,-0.6031731963157654,0.9603954299589196,1,23,1.4154242277145386,-0.3163566291332245,22
silmadega,-0.602869987487793,0.961990163314086,1,19,2.504976749420166,0.7966541051864624,59
11.,-0.6027507185935974,0.9624737701387188,19,22,1.05987548828125,2.4335713386535645,1779
ametikaaslasele,-0.6025814414024353,0.9602718409981564,1,-1,-0.620643138885498,1.9990031719207764,23
püüdlus,-0.6019654273986816,0.9624698203532728,1,23,0.9995044469833374,-0.4155663847923279,22
kirves,-0.6013779640197754,0.9602753347214736,1,-1,2.142850399017334,0.4884227216243744,25
läänemaailm,-0.6009869575500488,0.9614467344542236,1,23,0.8656638860702515,-0.11641522496938705,23
silmaga,-0.6007453799247742,0.9590098986146072,2,-1,1.878403663635254,0.7676162719726562,108
mandaadid,-0.6005603075027466,0.9609345424941512,1,4,1.0329087972640991,0.16515274345874786,40
stenogrammis,-0.600383460521698,0.9599968853912124,16,-1,0.9730411767959595,1.470833420753479,79
võrklaeva,-0.6003766059875488,0.9583940487861248,14,0,-1.3707886934280396,0.9736995697021484,55
keskkonnaminister,-0.6002328991889954,0.9596058062911632,9,10,-0.7332220077514648,1.8299260139465332,951
kokal,-0.6001176834106445,0.960563936326887,16,5,-1.5683966875076294,1.6913470029830933,22
vinnaga,-0.5999960899353027,0.9572582710715408,1,16,2.4435489177703857,-0.3627614676952362,45
liialda,-0.5994383096694946,0.9599849462942648,1,3,2.669837713241577,2.3917109966278076,35
gräzin,-0.5994205474853516,0.9570981529670108,9,10,-1.4535454511642456,1.670911192893982,785
tänagi,-0.5990588068962097,0.9606666751020994,3,11,1.0909788608551025,1.186557412147522,261
teenäitaja,-0.5986553430557251,0.9613964623847844,1,23,1.1794501543045044,-0.7201245427131653,20
mõtleja,-0.5985451340675354,0.9621390249226348,1,24,2.185018301010132,-0.8182986378669739,22
tablool,-0.5985360145568848,0.9576129352114208,1,22,0.7533013820648193,1.5458621978759766,28
kolleegidel,-0.598473072052002,0.9592577379242422,5,6,0.3839326798915863,1.6223328113555908,285
kandes,-0.5984286069869995,0.9599743815812928,1,1,2.456075429916382,3.1611881256103516,49
teilegi,-0.5983774662017822,0.9585414631730126,1,-1,0.7962446212768555,1.2940278053283691,43
läänes,-0.5982770323753357,0.9560093505485444,1,23,0.8541399836540222,0.11543331295251846,51
loosungiga,-0.5979017019271851,0.961391651822214,1,-1,2.433931827545166,-0.20881050825119019,31
poliittehnoloogia,-0.5978885889053345,0.9618453423257052,1,23,1.3770467042922974,-0.3802672326564789,20
rutates,-0.5978255271911621,0.9590678961971768,1,1,2.422924041748047,3.1756839752197266,40
lõpmatult,-0.5965656042098999,0.9584915852594414,1,20,2.6882121562957764,1.3657419681549072,38
kipun,-0.5964838266372681,0.9585180962256644,1,1,2.684218645095825,2.9663658142089844,25
juhatada,-0.5963730216026306,0.9596040562865682,1,22,1.490868330001831,1.871374249458313,44
tajute,-0.5961490869522095,0.9584691592900496,1,2,1.6204091310501099,2.4495761394500732,35
hääletades,-0.5960288643836975,0.957258184353054,1,-1,2.024383068084717,1.7020074129104614,89
rõdu,-0.5960044860839844,0.960578069749278,1,-1,2.1704232692718506,0.5279533267021179,20
arnold,-0.5959196090698242,0.9595788866913784,3,12,-0.12233322113752365,1.0275007486343384,48
rahanduspoliitika,-0.5958024263381958,0.9593244071213788,4,23,0.9464786648750305,-0.32081812620162964,95
maailmasõjas,-0.5956835746765137,0.9603267922097544,1,12,8.350733757019043,4.77585506439209,21
marju,-0.5951671004295349,0.9580776425100844,3,13,-0.34249797463417053,1.440753698348999,152
põllumajandusminister,-0.5945708751678467,0.9602699918797508,9,-1,-0.7265955805778503,1.5597877502441406,351
ekre-le,-0.5941663384437561,0.9556142836282556,1,-1,0.7393791675567627,1.0626568794250488,32
helmele,-0.594158411026001,0.9601507550692788,14,0,-1.3397923707962036,1.0023881196975708,150
asjata,-0.5941582918167114,0.9568220564584636,1,-1,2.5947635173797607,1.9860601425170898,79
juncker,-0.5931519865989685,0.9607092566091768,16,12,-0.09118588268756866,0.9809266924858093,33
nimedega,-0.593102216720581,0.9593770920137732,1,19,2.6790316104888916,0.48954296112060547,67
mäletad,-0.5930449366569519,0.9584064246232428,1,10,1.843873381614685,2.662242889404297,113
vastutustundega,-0.5928515791893005,0.9606075823093756,1,24,2.516430616378784,-0.7541321516036987,53
assamblee,-0.592721700668335,0.9585696712303502,18,12,0.24443316459655762,0.45298606157302856,494
elo,-0.592705488204956,0.9605272433060849,1,10,-0.37990665435791016,2.3302483558654785,21
kiidusõnu,-0.592307984828949,0.9577010858562884,1,24,3.2470040321350098,0.7352408766746521,24
ajakavast,-0.5922467112541199,0.9563205121455902,1,-1,4.372171401977539,2.7522733211517334,27
oliver,-0.5918310284614563,0.9545071998920096,16,10,-0.28717607259750366,1.9919720888137817,38
osatud,-0.5915331840515137,0.9573054681699132,2,3,2.69895601272583,2.4216434955596924,84
ülle,-0.5913034081459045,0.9592000734632308,9,10,-0.4435594081878662,1.6601873636245728,350
õnnitleda,-0.5912076234817505,0.9582534105480136,1,17,2.2541205883026123,1.865973711013794,64
legitiimsus,-0.5909824371337891,0.9584226666960004,1,23,1.1611906290054321,-0.6070099472999573,23
poliitilisest,-0.5909416675567627,0.9591890171168608,16,9,4.3749918937683105,2.7587790489196777,287
kaskpeit,-0.5909302830696106,0.9584303194682452,9,10,-0.6422611474990845,2.595736503601074,389
digi,-0.5907044410705566,0.9570554064095764,1,23,1.43023681640625,-0.5144221782684326,24
rahandusministril,-0.5904304385185242,0.9586022476002336,1,6,0.2213142216205597,1.4411845207214355,81
eiki,-0.5901960134506226,0.9591053319601676,0,10,-0.8110477924346924,2.2046384811401367,1391
sõerd,-0.5900405049324036,0.958321547341444,11,5,-1.5377148389816284,1.6712090969085693,1147
juhatajale,-0.590007483959198,0.9568158046452132,5,-1,0.5496443510055542,1.620242714881897,317
varjanud,-0.5899749398231506,0.9572242882173302,1,-1,1.9236280918121338,1.6552517414093018,50
jürgenson,-0.5896563529968262,0.9598382974850608,6,10,-0.6169172525405884,2.6555020809173584,86
kasumiga,-0.5894164443016052,0.9579176346045885,1,16,2.8454527854919434,-0.5742417573928833,36
diktatuur,-0.5893750190734863,0.9543153623754312,1,23,1.2317299842834473,-0.38068246841430664,25
liider,-0.5886776447296143,0.9595294323071296,1,23,0.7913605570793152,0.06597854197025299,59
eesmaa,-0.5884756445884705,0.9574254161381344,0,10,-0.6823285818099976,2.5815207958221436,624
välismissioonidel,-0.588446855545044,0.956809803528479,1,23,0.8817453980445862,0.33622539043426514,36
liikmesusega,-0.5883196592330933,0.9566931455448362,1,23,2.9433884620666504,-0.04439499229192734,20
joonisel,-0.5883030295372009,0.956161724389864,1,11,1.337934970855713,1.1107345819473267,23
angela,-0.5881176590919495,0.9577168628504328,3,12,-0.0313684418797493,0.9263668060302734,58
ehala,-0.5876431465148926,0.9563977875713704,16,0,-1.3242722749710083,0.9366549849510193,34
ülejäägiga,-0.5870887041091919,0.9567736951704332,1,-1,2.8335072994232178,-0.15333668887615204,70
tahtmatus,-0.5868696570396423,0.9555929909931336,1,23,2.184087038040161,-0.05313891917467117,20
arvudega,-0.5867598056793213,0.9567071119218952,1,19,2.6589057445526123,0.4268299341201782,117
kurtidele,-0.5866332650184631,0.9583389098727016,1,11,1.3636668920516968,1.1965030431747437,37
leyen,-0.5864956378936768,0.9568083058770378,16,12,-0.1238049566745758,1.0287420749664307,27
armee,-0.5863856673240662,0.95526137849056,1,23,0.7035281658172607,0.10680412501096725,98
parandusettepanekuid,-0.5861019492149353,0.9557037232839308,17,4,3.538118839263916,0.6683820486068726,256
ligil,-0.5860726833343506,0.9564687922854008,16,6,-0.9314776062965393,1.459519863128662,94
territoorium,-0.5860429406166077,0.9580584411327724,4,23,1.1889703273773193,-0.6793662309646606,169
profiiliga,-0.5855531692504883,0.9560291733968824,1,16,2.755080461502075,-0.6125190258026123,36
michal,-0.5854563117027283,0.9582298802526108,9,10,-1.4319130182266235,1.9709841012954712,596
õhk,-0.5853413343429565,0.952839576541606,4,23,1.3324079513549805,-0.33277207612991333,112
savisaarele,-0.5853032469749451,0.955386973221185,16,-1,-0.204533651471138,1.8439995050430298,32
tööpõld,-0.5850552320480347,0.9550406655891948,1,23,1.5059301853179932,-0.962653636932373,41
eliit,-0.5850517153739929,0.9546759933575516,1,23,1.064026951789856,-0.2536036968231201,43
umbusaldada,-0.5849915742874146,0.9558218372508458,1,17,2.315620183944702,1.8519823551177979,23
katsu,-0.5849173665046692,0.956893485032813,1,-1,1.9865399599075317,2.727656126022339,29
terviklikkus,-0.5841097235679626,0.957483204723457,4,23,0.8857515454292297,-0.6419642567634583,64
kisa,-0.5840954780578613,0.9558012374416326,1,24,2.313284158706665,-0.5965431928634644,41
kõve,-0.5837662220001221,0.9579936012817962,6,10,-0.4378853738307953,1.6158989667892456,66
rünnakuid,-0.5837445259094238,0.9555922531480452,1,4,3.4387776851654053,0.7868583798408508,41
mõtteviisist,-0.5837269425392151,0.9543672308193872,1,9,4.370183944702148,2.7533113956451416,22
sirgeks,-0.5836607217788696,0.9533007267329328,1,-1,2.4267914295196533,0.7175341248512268,36
kuulsust,-0.5833091139793396,0.9557972279302678,1,-1,1.9765819311141968,-0.1521797478199005,29
ajaloolisi,-0.5832599997520447,0.956038799354793,1,4,3.4327797889709473,0.8246015906333923,41
ants,-0.5831813216209412,0.9549727413557862,9,10,-0.5095800161361694,2.2614176273345947,338
obstruktsiooniga,-0.5828132033348083,0.955745880284957,1,18,2.892219066619873,-0.09596297144889832,23
kontrollin,-0.5826990008354187,0.9574916662686648,1,1,2.656961441040039,2.967076539993286,55
repinski,-0.5826705098152161,0.9544436380799146,14,0,-1.3705319166183472,0.9684422612190247,248
kriitikaga,-0.5825003981590271,0.9543686591891865,1,18,2.890286922454834,-0.2320927083492279,102
üleskutseid,-0.5819407105445862,0.9554624289632848,1,4,3.507026433944702,0.7680553793907166,31
jean-claude,-0.5818164944648743,0.9534967462773152,16,12,-0.1257128119468689,0.9437915682792664,37
diplomaatiliselt,-0.5817531943321228,0.9540144479114164,1,-1,1.1245477199554443,0.5822575092315674,27
siitsamast,-0.581541121006012,0.9544813754642968,3,-1,0.4098285436630249,1.1406816244125366,230
jalajälg,-0.5815070867538452,0.9548238039667571,1,23,1.528515338897705,-0.978126049041748,56
oviir,-0.5814616680145264,0.9567040012947527,9,10,-0.5051886439323425,2.1635639667510986,187
remo,-0.5813463926315308,0.9542107843456338,9,10,-0.5860981345176697,2.5518107414245605,263
kummardus,-0.5805941820144653,0.956416367901944,1,-1,1.7431912422180176,-0.7740180492401123,54
ratasega,-0.5803928971290588,0.9535112468070492,16,7,-1.5601277351379395,2.2926769256591797,20
trump,-0.5802953243255615,0.9561454802772984,3,12,-0.0021398921962827444,0.8496118187904358,75
dilemma,-0.5800025463104248,0.9548153133672936,1,23,1.6229946613311768,-0.8747411370277405,89
optimist,-0.579866349697113,0.9530348090735052,1,24,1.046420693397522,-0.6378200054168701,61
küsimuste,-0.5796846747398376,0.9550728363711192,5,22,1.1445326805114746,1.758162498474121,2729
kiidame,-0.5786203742027283,0.954315579688322,1,17,2.1286933422088623,2.0563437938690186,100
kaitseministril,-0.577849268913269,0.9552821358285024,1,6,-0.016065645962953568,1.5509907007217407,21
tarkusega,-0.5771318674087524,0.9535588062512804,1,23,1.7558547258377075,0.6090933084487915,25
parimast,-0.5771155953407288,0.9504938244305616,1,9,4.3916401863098145,2.7720508575439453,27
seederil,-0.5769009590148926,0.9550277469100428,16,6,-1.093268632888794,1.555137038230896,23
lasite,-0.576625645160675,0.9527129800791836,1,2,1.6668226718902588,2.4596853256225586,23
musta,-0.5765499472618103,0.9552628855140288,6,-1,2.522125720977783,0.9894379377365112,480
vabadus,-0.576274573802948,0.9543480186101282,4,23,1.3283190727233887,-0.6289762854576111,458
ühises,-0.5759201645851135,0.9542867842119556,1,23,1.18305242061615,0.40267762541770935,120
ülim,-0.5753872394561768,0.9540665333397046,4,23,1.1047947406768799,-0.5016505122184753,75
sedavõrd,-0.5752576589584351,0.9540444499446572,13,14,2.1433193683624268,-1.83951997756958,506
savisaar-toomast,-0.5750988125801086,0.9534653198787064,1,10,-0.5427263975143433,2.6362388134002686,21
etappe,-0.5750106573104858,0.9524691840715496,1,4,3.608220338821411,0.7117858529090881,30
valimiseelne,-0.5749073624610901,0.9515640144018758,1,23,1.2885218858718872,-0.08560098707675934,35
hermanni,-0.5748735666275024,0.9525905419167244,1,24,2.345534563064575,-0.11211913079023361,33
maakera,-0.5748220682144165,0.9514390569826467,1,23,1.816925048828125,-0.8311282396316528,79
õiguskantslerikandidaat,-0.574438750743866,0.9527010793342005,1,13,-0.24325066804885864,1.7089910507202148,24
pooltõdesid,-0.5741934180259705,0.9537245407930308,1,-1,3.3053884506225586,0.8408010005950928,21
reiting,-0.5736897587776184,0.953130553348532,1,23,1.5927408933639526,-0.3758033514022827,71
olga,-0.5735752582550049,0.953439358204971,0,10,-0.6683535575866699,2.5541934967041016,609
ivanova,-0.5731404423713684,0.9519697142063542,6,10,-0.6913291215896606,2.6072134971618652,224
sõnavõttudes,-0.5731145739555359,0.9519589023710944,3,-1,1.3085230588912964,0.9051775336265564,112
pall,-0.5730491876602173,0.9523450455708966,1,23,1.8542463779449463,0.27945181727409363,78
varasemates,-0.5726843476295471,0.952258576003562,3,11,1.2358773946762085,1.0146769285202026,106
eesistumine,-0.5722496509552002,0.9508664997161302,4,23,0.7235478758811951,-0.3857540190219879,150
sõna-sõnalt,-0.5721368789672852,0.9534090975002646,16,-1,0.9838098287582397,1.3871631622314453,142
kandidaate,-0.5718313455581665,0.9534498441259638,17,4,3.4687812328338623,0.6357298493385315,201
lõpp,-0.571829617023468,0.9531418187540044,7,8,1.1209136247634888,2.0745761394500732,1436
heidmets,-0.5716630220413208,0.9529871473404444,16,-1,-0.5407548546791077,1.4624814987182617,22
ansipil,-0.5716211795806885,0.9526196854705148,16,7,-1.220503568649292,2.1859116554260254,20
ajanud,-0.5714548826217651,0.9519691903297232,2,19,1.9737849235534668,1.5206326246261597,244
pentus-rosimannuse,-0.5714067220687866,0.9546336205116,16,10,-0.8813485503196716,2.3523197174072266,94
asendusliikmena,-0.5712603330612183,0.950128099319341,6,10,-0.3229876458644867,2.5335683822631836,120
riisalu,-0.5711097121238708,0.9518629871953864,11,5,-1.551805019378662,1.6733454465866089,627
püüda,-0.5710352063179016,0.9539585861633256,2,20,2.6661736965179443,1.4724335670471191,675
taasiseseisvuse,-0.5710146427154541,0.9507504084654474,4,23,0.5830791592597961,-0.517074465751648,46
taastamisel,-0.57099449634552,0.9549208727153936,4,23,0.6795017719268799,-0.5564313530921936,50
ähvardusi,-0.5706841945648193,0.9521317175313012,1,4,3.511446237564087,0.8298021554946899,24
laim,-0.5706825852394104,0.9527002090274548,1,23,1.408596396446228,-0.21214358508586884,32
vaateid,-0.5706543922424316,0.9502184118878024,2,4,3.220930814743042,0.6184413433074951,93
otsustamatus,-0.570475697517395,0.9532475025729322,1,23,1.359847068786621,-0.4169413149356842,40
vaatad,-0.5704177618026733,0.950746885659964,1,-1,1.9201160669326782,2.699824810028076,136
elektriturule,-0.5701486468315125,0.9507089602477145,1,0,6.232785701751709,3.8718326091766357,22
vahepealset,-0.5701048374176025,0.9512414017582418,1,-1,2.1915712356567383,1.5669387578964233,22
kruusel,-0.5698258280754089,0.9507664771943752,16,5,-1.1550958156585693,1.5880111455917358,28
jaansoni,-0.5693414807319641,0.9536975969248443,6,7,-1.531145453453064,2.284569263458252,149
kõigutada,-0.5691635012626648,0.9516530095720256,1,-1,2.4312243461608887,1.7815923690795898,20
raadios,-0.5690520405769348,0.9515855625210986,3,11,0.8058074712753296,0.8941642642021179,96
silmades,-0.5685458183288574,0.9525722521306054,1,-1,2.703472375869751,0.9717550277709961,45
vastutanud,-0.5682234764099121,0.9511770547935908,1,-1,1.981697916984558,2.091336727142334,36
tavast,-0.5680892467498779,0.9504251008327054,1,9,4.371307373046875,2.750178098678589,84
lauristin,-0.567450761795044,0.9513412179215456,3,13,-0.42510583996772766,1.488272786140442,87
juhite,-0.5668023824691772,0.9522812149068998,1,2,1.6544475555419922,2.4340460300445557,66
alguseni,-0.5665532350540161,0.9518796713173142,1,22,1.1075879335403442,2.3738515377044678,40
mati,-0.5662963390350342,0.9525638359877332,9,10,-0.5814900994300842,2.1968603134155273,463
aplausi,-0.5661340951919556,0.9503776419416474,1,24,2.2473111152648926,-0.08142529428005219,39
barbi,-0.5661280155181885,0.9507665864911176,6,10,-0.5256556272506714,2.670912981033325,144
targasti,-0.5655729174613953,0.9505331375282026,1,10,3.076793909072876,1.255145788192749,29
hoiatusi,-0.5654489398002625,0.951977976564686,1,4,3.599379777908325,0.7790027856826782,51
peasekretär,-0.5654420256614685,0.9500364519448752,3,-1,0.8118829727172852,0.7058109045028687,87
hannes,-0.5649869441986084,0.9504612234649236,9,10,-0.5399666428565979,2.2514827251434326,296
hoiatan,-0.5649325251579285,0.9508553806497746,1,1,2.5462207794189453,3.0653820037841797,24
menetlusdokumendid,-0.5645943880081177,0.9512482942053756,1,10,2.0200979709625244,2.0886826515197754,38
algatusena,-0.5644610524177551,0.9504146348951944,1,18,2.1970062255859375,-0.42809417843818665,24
reitingut,-0.5639144778251648,0.9511016741394646,1,23,2.152944564819336,0.19241243600845337,38
ideaalset,-0.5627235770225525,0.9501192523126584,1,-1,2.5713083744049072,1.3819036483764648,44
barack,-0.5626358389854431,0.950748732121034,16,12,0.0012499676086008549,0.9187184572219849,31
kahtlustus,-0.5625050663948059,0.9510025785429664,1,22,3.17465877532959,0.28240251541137695,42
grammigi,-0.5623506307601929,0.9501141717736226,1,-1,2.671048164367676,1.9150031805038452,33
karilaid,-0.5622655153274536,0.9524537739444268,9,10,-0.9229864478111267,2.174680709838867,570
patrioot,-0.5614613890647888,0.9511317892649862,1,-1,1.067338466644287,-0.6183702349662781,42
kandsite,-0.5614005923271179,0.9508490502509624,1,1,2.3626530170440674,3.1426944732666016,20
kokkuvõtteks,-0.561042308807373,0.951529363144699,1,-1,2.1398251056671143,1.2930392026901245,337
klassikud,-0.560810387134552,0.9507836829731507,1,11,0.7694869637489319,1.2969727516174316,21
valitsusliikmena,-0.5605723857879639,0.9508595520508673,1,-1,1.4833624362945557,2.0354461669921875,63
protseduurilisi,-0.5605499744415283,0.9503193468401608,5,-1,0.42198246717453003,1.6787782907485962,154
kokkuvõttena,-0.5604730248451233,0.9502609114044552,1,22,2.098710775375366,1.3035629987716675,34
aktsiisipoliitikas,-0.5585000514984131,0.9501154480831144,1,23,1.5618622303009033,0.36247387528419495,31
nestor,-0.5582937598228455,0.9501910842311424,9,10,-1.2685970067977905,1.833280086517334,1047
oskagi,-0.5573082566261292,0.9503450288454413,2,3,2.6804723739624023,2.496277332305908,146
pomerants,-0.5561457872390747,0.9508822472770672,9,10,-1.1378629207611084,1.6652045249938965,546
avalduses,-0.551604688167572,0.95028803715723,3,-1,1.3469481468200684,0.8526691794395447,108
